# --- !Ups

create table "USERS" (
  "ID" bigint generated by default as identity(start with 1) not null primary key,
  "NAME" varchar not null,
  "LAST_NAME" varchar not null,
  "EMAIL" varchar not null
);

create table "USERS_PASSWORD" (
    "ID" bigint generated by default as identity(start with 1) not null primary key,
    "PASSWORD" varchar not null,
    "USER_ID" bigint references USERS (ID)
);

create table "NOTES" (
    "ID" bigint generated by default as identity(start with 1) not null primary key,
    "TITLE" varchar not null,
    "BODY" varchar not null,
    "USER_ID" bigint references USERS (ID)
);

insert into USERS(ID, NAME, LAST_NAME, EMAIL) values (1, 'John', 'John', 'john@gmail.com');
insert into USERS(ID, NAME, LAST_NAME, EMAIL) values (2, 'Mary', 'Mary', 'mary@gmail.com');
insert into USERS(ID, NAME, LAST_NAME, EMAIL) values (3, 'Paul', 'Paul', 'paul@gmail.com');
insert into USERS(ID, NAME, LAST_NAME, EMAIL) values (4, 'Sloppy', 'Sloppy', 'sloppy@gmail.com');
insert into USERS(ID, NAME, LAST_NAME, EMAIL) values (5, 'Fluffy', 'Fluffy', 'fluffy@gmail.com');

insert into USERS_PASSWORD(ID, PASSWORD, USER_ID) values (1, '123qwerty', 1);
insert into USERS_PASSWORD(ID, PASSWORD, USER_ID) values (2, '123qwerty', 2);
insert into USERS_PASSWORD(ID, PASSWORD, USER_ID) values (3, '123qwerty', 3);
insert into USERS_PASSWORD(ID, PASSWORD, USER_ID) values (4, '123qwerty', 4);
insert into USERS_PASSWORD(ID, PASSWORD, USER_ID) values (5, '123qwerty', 5);

insert into NOTES(id, title, body, user_id) VALUES (1, 'John note', 'test johns note', 1);
insert into NOTES(id, title, body, user_id) VALUES (2, 'Mary note', 'test marys note', 2);
insert into NOTES(id, title, body, user_id) VALUES (3, 'Paul note', 'test pauls note', 3);
insert into NOTES(id, title, body, user_id) VALUES (4, 'Sloppy note', 'test sloppys note', 4);
insert into NOTES(id, title, body, user_id) VALUES (5, 'Fluffy note', 'test fluffys note', 5);
insert into NOTES(id, title, body, user_id) VALUES (6, 'John note2', 'test johns note2', 1);
insert into NOTES(id, title, body, user_id) VALUES (7, 'Mary note2', 'test marys note2', 2);
insert into NOTES(id, title, body, user_id) VALUES (8, 'Paul note2', 'test pauls note2', 3);
insert into NOTES(id, title, body, user_id) VALUES (9, 'Sloppy note2', 'test sloppys note2', 4);
insert into NOTES(id, title, body, user_id) VALUES (10, 'Fluffy note2', 'test fluffys note2', 5);


# --- !Downs

drop table "USERS" if exists;
drop table "USERS_PASSWORD" if exists;
drop table "NOTES" if exists;
